[{"ref":"b3f8b6d48d24d7997eff41e5e75079b9","handle":"ffdd","barcode":"5000169120231","comments":"another test for handle ffdd","sharedate":"2017-08-26 15:33:44","imghash":"ee623881410c1c5201ec2d7ea2a83f02"},{"ref":"2cb47f47a40cc11bcb0afe5388c1b8a8","handle":"ffdd","barcode":"0246130000002","comments":"ttrr","sharedate":"2017-08-26 15:32:36","imghash":"2438987bceceacd239a0d9974a5b6421"},{"ref":"92d16d2ba93a2c5c603b25f6d7c6a4b2","handle":"Kieran","barcode":"0077544000308","comments":"Sdgsh","sharedate":"2017-08-21 10:23:12","imghash":"eb6aee0c3710927b29d888d5e9dc751a"},{"ref":"50b8c3981a600db07cac23c7dd0a9954","handle":"wooshman4","barcode":"0246130000002","comments":"Share test","sharedate":"2017-08-03 14:12:08","imghash":"2438987bceceacd239a0d9974a5b6421"},{"ref":"6f32715258bbadae6b613aaeb8bafe92","handle":"wooshman4","barcode":"0246130000002","comments":"","sharedate":"2017-08-02 23:45:24","imghash":"2438987bceceacd239a0d9974a5b6421"},{"ref":"924fe0789a7bf704a4cd23a298f226d3","handle":"Great jam!","barcode":"5000169119990","comments":"Kieran","sharedate":"2017-08-01 17:14:27","imghash":"e1442d24c166d7b0219ffddbae4242f1"},{"ref":"5e63a53b55d12a9d144263d3530f0e46","handle":"Wooshman4","barcode":"5000354403323","comments":"Test","sharedate":"2017-08-01 10:05:59","imghash":"71fa67dfa33579bf7db2f1a6a3e33f8f"}]