<soapenv:Envelope xmlns:soapenv="http://schemas.xmlsoap.org/soap/envelope/" xmlns:ns="http://www.i-label.net/Partners/WebServices/DataFeed/2005/11">
   <soapenv:Header>
      <ns:ExternalCallerHeader>
         <ns:ExternalCallerId>464AF7FE-D8ED-44E8-8927-BC1E9C1BE38C</ns:ExternalCallerId>
      </ns:ExternalCallerHeader>
   </soapenv:Header>
   <soapenv:Body>
      <ns:AcknowledgeMessage>
         <ns:messageGuid>[MSGID]</ns:messageGuid>
      </ns:AcknowledgeMessage>
   </soapenv:Body>
</soapenv:Envelope>