,,H,Breakfast ,Calories,Allergen,May Contain,
1,,,"Topped porridge: with coconut, pumpkin and suflower seeds, cranberries and honey",496,"gluten, milk, sulphites ",sesame seed ,
2,,,"Fresh fruit salad: with strawberries, blueberries, red apple, mixed grapes and pomegranate seeds",119,,,
3,,,"Toast with preserves: wholemeal or white with a choice of honey, jam or marmalade ",,,,
,3,,Wholemeal Toast with Honey,325,"gluten, soya, milk","eggs, other nuts, sesame seed ",
,3,,Wholemeal Toast with Jam,325,"gluten, soya, milk","eggs, other nuts, sesame seed ",
,3,,Wholemeal Toast with Marmalade,325,"gluten, soya, milk","eggs, other nuts, sesame seed ",
,3,,White Toast with Honey,428,"gluten, soya, milk","eggs, other nuts, sesame seed ",
,3,,White Toast with Jam,428,"gluten, soya, milk","eggs, other nuts, sesame seed ",
,3,,White Toast with Mamalade,428,"gluten, soya, milk","eggs, other nuts, sesame seed ",
4,,,"Warm pancakes: with blueberries, banana and maple syrup",560,"gluten, eggs, milk ",soya,
5,,,"Greek yoghurt: with strawberries, banana, granola and honey",485,"gluten, other nuts, milk ",peanuts ,
5,,S,ALL ABOUT THE EGGS ,,,,
6,,,"Eggs with toast: wholemeal with two poached, scrambled or fried eggs",,,,
,6,,Poached eggs x 2 and wholemeal toast,448,"gluten, eggs, soya, milk","other nuts, sesame seed",
,6,,Scrambled eggs x 2 and wholemeal toast,503,"gluten, eggs, soya, milk","other nuts, sesame seed",
,6,,Fried eggs x 2 and wholemeal toast,582,"gluten, eggs, soya, milk","other nuts, sesame seed",
7,,,"Benedict: Honey roast ham, two poached eggs and hollandaise on a toasted wholemeal muffin ",675,"gluten, eggs, soya, milk","other nuts, sesame seed ",
8,,,"Florentine: Wilted spinach, two poached eggs and hollandaise on a toasted wholemeal muffin",639,"gluten, eggs, soya, milk","other nuts, sesame seed ",
9,,,Three egg omelette: with two fillings and avocado salad,289,"gluten, eggs, mustard ",celery ,
,9,,Tomato,6,,,
,9,,Grated cheddar cheese,187,milk,,
,9,,Mushrooms,6,,,
,9,,Chicken breast,97,,,
,9,,Honey roast ham,114,,,
,9,,Spinach,5,,,
,9,,Broccoli,11,,,
,9,,Red onion,9,,,
,,S,CLASSICS ,,,,
10,,,"Club breakfast: Two poached eggs, grilled unsmoked bacon, pork sausages, half a grilled beef tomato, a flat mushroom, baked beans and toast  ",763,"gluten, eggs, soya, milk, sulphites ","other nuts, sesame seed, celery, mustard",
11,,,"Vegetarian club: Two poached eggs, baked vegetarian sausages, half a grilled beef tomato, a flat mushroom, spinach, baked beans and toast",594,"gluten, eggs, soya, milk, celery ","other nuts, sesame seed",
12,,,"Steak & eggs: Aged 4oz. sirloin steak with two poached eggs, wilted spinach and half a grilled beef tomato",391,eggs,,
13,,,"Smoked salmon & scrambled eggs: With toast, avocado salad and fresh lemon ",619,"gluten, eggs, fish, soya, milk ","other nuts, sesame seed",
14,,,A multiseed wholemeal roll: with bacon,400,"gluten, soya, sesame seed, milk ","eggs, other nuts ",
15,,,"A multiseed wholemeal roll: with bacon, sausage & poached egg",682,"gluten, eggs, soya, sesame seed, milk, sulphites ","other nuts, celery, mustard ",
,,H,Main Menu ,,,,
,,S,SNACKS ,,,,
16,,,"Soup of the day, with a multiseed wholemeal roll ",483,,,
,16,,Italian tomato ,483,celery ,,
,16,,Lentil & apricot ,483,"celery, mustard ",,
,16,,Minestrone ,483,celery,,
,16,,Beetroot & kale ,483,,,
,16,,Sweet potato & ginger ,483,"soya, mustard",,
17,,,Soup & sandwich on wholemeal ,,,,
,17,,Honey roast ham,494,"gluten, soya, milk","eggs, other nuts, sesame seed ",
,17,,Chicken breast,494,"gluten, soya, milk","eggs, other nuts, sesame seed ",
,17,,Grated cheddar cheese ,494,"gluten, soya, milk","eggs, other nuts, sesame seed ",
,17,,Tuna red onion and mayo,494,"gluten, eggs, fish, soya, milk ","other nuts, sesame seed ",
18,,,"Smashed avocado on toast with cherry tomatoes, chilli, lime and topped with two poached eggs",433,"gluten, eggs, soya, milk","other nuts, sesame seed ",
19,,,Chicken tacos with mixed beans and mixed leaf salad  ,478,"gluten, soya, milk, mustard","eggs, fish, crustaceans, sesame seed, celery, sulphites ",
20,,,"Sharer, Falafel, toasted flatbread, olives and crudite_s with yoghurt, houmous and salsa dips",1016,"gluten, other nuts, sesame seed, milk, celery","fish, crustaceans, molluscs, mustard, sulphites ",
21,,,Three egg omelette with twofillings and avocado salad,289,"gluten, eggs, mustard ",celery,
,21,,Tomato,6,,,
,21,,Grated cheddar cheese,187,milk,,
,21,,Mushrooms,6,,,
,21,,Chicken breast,97,,,
,21,,Honey roast ham,114,,,
,21,,Spinach,5,,,
,21,,Broccoli,11,,,
,21,,Red onion,9,,,
22,,,Jacket potato with butter and mixed leaf salad,353,"gluten, milk ",,
,22,,Grated cheddar cheese,187,milk,,
,22,,Baked beans,70,,,
,22,,Honey roast ham,114,,,
,22,,"Tuna, red onion and mayo",137,"eggs, fish, mustard ",,
,,S,BREADS ,,,,
23,,,Pitta pockets with mixed leaf salad ,,,,
,23,,"Chicken, bacon and avocado with garlic mayo",492,"gluten, eggs, soya, milk, mustard ",celery ,
,23,,"Spinach, mixed peppers, houmous and pine nuts",516,"gluten, sesame seed, mustard","peanuts, other nuts, soya, celery ",
,23,,Grilled halloumi with mixed beans and red onion,713,"gluten, soya, milk, mustard","eggs, fish, crustaceans, sesame seed, celery, sulphites ",
24,,,"The BST on wholemeal with grilled bacon, spinach, tomato and mayo",506,"gluten, eggs, soya, milk, mustard ","other nuts, sesame seed, celery ",
25,,,Sandwiches on wholemeal with mixed leaf salad ,,,,
,25,,Honey roast ham,411,"gluten, soya, milk, mustard","eggs, other nuts, sesame seed, celery",
,25,,Chicken breast,401,"gluten, soya, milk, mustard","eggs, other nuts, sesame seed, celery",
,25,,Grated cheddar cheese,617,"gluten, soya, milk, mustard","eggs, other nuts, sesame seed, celery",
,25,,"Tuna, red onion and mayo ",477,"gluten, eggs, fish, soya, milk, mustard ","other nuts, sesame seed, celery ",
,,S,SALADS ,,,,
26,,,"High protein grilled chicken breast with spinach, mixed leaf salad, broccoli, spring onions, sun-dried tomatoes, cashew nuts, a hard-boiled egg and pomegranate seeds with lemon and yoghurt dressing",673,"eggs, other nuts, milk ",peanuts ,
27,,,"Giant couscous with apricots, raisins, pine nuts, lemon, coriander, balsamic dressing and fresh basil",655,"gluten, sulphites ","peanuts, other nuts, soya, sesame seed ",
28,,,"Goatís cheese & avocado with mixed leaf salad, pine nuts, pomegranate seeds and balsamic dressing ",461,"milk, sulphites ","peanuts, other nuts, soya, sesame seed ",
29,,,"Chicken Caesar grilled chicken breast, mixed leaf salad, shaved Italian cheese, Caesar dressing and toasted croutons",580,"gluten, eggs, soya, milk ",,
30,,,"Grilled halloumi with mixed leaf salad, spinach, pine nuts, walnuts, red onion, cherry tomatoes and honey ",773,"gluten, other nuts, milk","peanuts, soya, sesame seed ",
,,S,PASTA ,,,,
31,,,"Pesto penne pasta with mixed beans, spinach, peppers, sun-dried tomatoes, broccoli and shaved Italian cheese",980,"gluten, other nuts, soya, milk, mustard ","eggs, peanuts, fish, crustaceans, sesame seed, celery, sulphites ",
,31,,Add chicken ,244,"gluten, other nuts, soya, milk, mustard ","eggs, peanuts, fish, crustaceans, sesame seed, celery, sulphites ",
32,,,"Chargrilled chicken breast & chorizo with red pesto, penne pasta and shaved Italian cheese ",1115,"gluten, other nuts, soya, milk, sulphites ",peanuts ,
33,,,"Pumpkin ravioli with tomato and garlic sauce, spinach and shaved Italian cheese",623,"gluten, eggs, milk, sulphites ","other nuts, fish, crustaceans, molluscs, celery",
34,,,"Courgette & butternut squash spaghetti with green pesto, pine nuts, sun-dried tomatoes and fresh basil",596,,"peanuts, other nuts, soya, sesame seed ",
,34,,Add chicken ,244,,"peanuts, other nuts, soya, sesame seed ",
,,S,BURGERS ,,,,
35,,,"Beef with unsmoked bacon, beef tomato, red onion and burger sauce",1207,"gluten, eggs, peanuts, soya, sesame seed, celery, mustard, sulphites ","other nuts, milk",
36,,,"Goatís cheese with a flat mushroom, red onion and garlic mayo",1145,"gluten, eggs, peanuts, soya, sesame seed, milk, mustard ","other nuts, celery",
37,,,"Baked falafel with beef tomato, red onion and houmous",927,"gluten, peanuts, soya, sesame seed, mustard","eggs, other nuts, milk, celery ",
38,,,"Grilled chicken breast with beef tomato, red onion, unsmoked bacon and garlic mayo",1066,"gluten, eggs, peanuts, soya, sesame seed, mustard ","other nuts, milk, celery ",
,,S,GRILLS & MAINS ,,,,
39,,,"Wholemeal flatbreads with tomato and garlic base, topped with grated cheddar cheese ",,,,
,39,,Spicy chicken with green pesto and red onion,584,"gluten, soya, milk, sulphites ","other nuts, celery ",
,39,,"Goatís cheese, red pepper and spinach",688,"gluten, milk, sulphites","other nuts, celery ",
,39,,"Chicken breast with spinach, broccoli and balsamic dressing",625,"gluten, soya, milk, sulphites ","other nuts, celery ",
40,,,"Steak & chips Aged 8oz. sirloin steak, rustic fries, half a grilled beef tomato and mixed leaf salad",710,"gluten, peanuts ",celery ,
41,,,"Grilled chicken breast with sweet potato mash, wilted kale and spinach",444,"celery, mustard ",,
42,,,"Grilled salmon fillet with sweet potato mash, wilted kale and spinach",544,fish,,
43,,,"Half roast chicken with rustic fries, wilted kale, spinach and garlic mayo",1234,"gluten, eggs, peanuts, soya ",,
44,,,"Butternut squash curry with spinach, lentils and brown rice ",519,"soya, mustard",,
45,,,"High protein plate Aged 4oz. sirloin steak, grilled chicken breast, a flat mushroom, roasted red pepper, avocado salad and a hard- boiled egg  ",757,"gluten, eggs, celery, mustard ",,
,,S,SOMETHING EXTRA ,,,,
46,,,Mixed leaf salad,33,"gluten, mustard ",celery,
47,,,Khobez flatbread,173,gluten,celery,
48,,,Rustic fries ,366,"gluten, peanuts ",,
49,,,Sweet potato fries ,362,"gluten, peanuts ",,
50,,,Sweet potato mash ,147,,,
51,,,Mixed vegetables,41,,,
,,H,Kids Menu ,,,,
52,,,Poached egg & wholemeal soldiers,233,"gluten, eggs, soya, milk","other nuts, sesame seed ",
53,,,Scrambled eggs on wholemeal toast,309,"gluten, eggs, soya, milk","other nuts, sesame seed ",
54,,,Beans on wholemeal toast ,213,"gluten, soya, milk","eggs, other nuts, sesame seed ",
55,,,Two egg omelette with two fillings ,171,eggs,,
,55,,Tomato,4,,,
,55,,Grated cheddar cheese,187,milk,,
,55,,Mushrooms,6,,,
,55,,Chicken breast,48,,,
,55,,Honey roast ham,53,,,
,55,,Spinach,3,,,
,55,,Broccoli,11,,,
,55,,Red onion,9,,,
,,S,MAINS ,,,,
56,,,Beef burger ,153,"gluten, soya, celery, sulphites","eggs, other nuts, sesame seed, milk ",
,56,,Rustic fries,201,"gluten, peanuts ",,
,56,,Jacket potato,233,milk,,
,56,,Brown rice  ,141,,,
,56,,Baked beans,70,,,
,56,,Courgette & butternut squash spaghetti,30,,,
,56,,Mixed vegetables ,22,,,
,56,,Mixed leaf salad ,12,,,
,56,,Crudite_s ,23,celery,,
57,,,Macaroni cheese ,316,"gluten, milk, mustard ","peanuts, other nuts ",
,57,,Rustic fries,201,"gluten, peanuts ",,
,57,,Jacket potato,233,milk,,
,57,,Brown rice  ,141,,,
,57,,Baked beans,70,,,
,57,,Courgette & butternut squash spaghetti,30,,,
,57,,Mixed vegetables ,22,,,
,57,,Mixed leaf salad ,12,,,
,57,,Crudite_s ,23,celery,,
58,,,Chicken goujons ,369,"gluten, peanuts ",,
,58,,Rustic fries,201,"gluten, peanuts ",,
,58,,Jacket potato,233,milk,,
,58,,Brown rice  ,141,,,
,58,,Baked beans,70,,,
,58,,Courgette & butternut squash spaghetti,30,,,
,58,,Mixed vegetables ,22,,,
,58,,Mixed leaf salad ,12,,,
,58,,Crudite_s ,23,celery,,
59,,,Fish fingers ,364,"gluten, peanuts, fish ",,
,59,,Rustic fries,201,"gluten, peanuts ",,
,59,,Jacket potato,233,milk,,
,59,,Brown rice  ,141,,,
,59,,Baked beans,70,,,
,59,,Courgette & butternut squash spaghetti,30,,,
,59,,Mixed vegetables ,22,,,
,59,,Mixed leaf salad ,12,,,
,59,,Crudite_s ,23,celery,,
60,,,Pork sausages ,449,"gluten, peanuts, sulphites","eggs, other nuts, soya, milk, celery, mustard",
,60,,Rustic fries,201,"gluten, peanuts ",,
,60,,Jacket potato,233,milk,,
,60,,Brown rice  ,141,,,
,60,,Baked beans,70,,,
,60,,Courgette & butternut squash spaghetti,30,,,
,60,,Mixed vegetables ,22,,,
,60,,Mixed leaf salad ,12,,,
,60,,Crudite_s ,23,celery,,
61,,,Vegetarian sausages,294,"gluten, celery ",,
,61,,Rustic fries,201,"gluten, peanuts ",,
,61,,Jacket potato,233,milk,,
,61,,Brown rice  ,141,,,
,61,,Baked beans,70,,,
,61,,Courgette & butternut squash spaghetti,30,,,
,61,,Mixed vegetables ,22,,,
,61,,Mixed leaf salad ,12,,,
,61,,Crudite_s ,23,celery,,
62,,,Cheese & tomato pizza ,458,"gluten, milk, sulphites ","other nuts, celery ",
63,,,Sandwiches on wholemeal with crudite_s ,,,,
,63,,Honey roast ham,207,"gluten, soya, milk","eggs, other nuts, sesame seed ",
,63,,Grated cheddar cheese ,334,"gluten, soya, milk, celery, lupin ","eggs, other nuts, sesame seed ",
,63,,Chicken breast,195,"gluten, soya, milk","eggs, other nuts, sesame seed ",
64,,,Spaghetti bolognese ,368,gluten,"peanuts, other nuts ",
65,,,Toasted cheese sandwich with crudite_s,333,"gluten, soya, milk, celery, lupin","eggs, other nuts, sesame seed ",
66,,,Jacket potato with crudite_s ,315,milk,,
,66,,Grated cheddar cheese,104,milk,,
,66,,Tuna mayo,81,"eggs, fish, mustard ",,
,66,,Baked beans,29,,,
,66,,Honey roast ham,53,,,
,,S,DESSERTS ,,,,
67,,,Warm chocolate brownie with vanilla ice cream,409,"gluten, eggs, soya, milk","other nuts, sesame seed ",
68,,,"Ice cream choice of vanilla, strawberry or chocolate",193,"soya, milk ",,
69,,,Fresh fruit salad,53,,,
,,H,Desserts & Drinks,,,,
70,,,"Coconut ice cream with chilli, fresh lime and chocolate sauce",353,"gluten, soya, milk","eggs, peanuts, other nuts ",
71,,,"Summer berry cheesecake with raisins, ground pistachios and Greek yoghurt",414,"eggs, milk",other nuts,
72,,,"Fresh fruit salad with strawberries, blueberries, red apple, mixed grapes and pomegranate seeds",119,,,
73,,,"Ice cream Choice of vanilla, strawberry or chocolate",292,"soya, milk ",,
,,S,SMOOTHIES ,,,,
74,,,"Go faster banana, papaya and strawberries blended with natural yoghurt",421,milk,,
75,,,"Beet & berry boost spinach, beetroot, red cabbage, chia seeds and blueberries blended with apple juice ",179,,,
76,,,"Pash ëní shoot A delicious tropical blend of passion fruit, pineapple, mango and orange juice",447,,,
77,,,"Strawberry split Packed with vitamin C, a simple blend of strawberries, banana and apple juice ",573,,,
78,,,"Super green Red apple, spinach, lemon juice, celery and chia seeds blended with apple juice",203,celery,,