textbox1								
"Recipe Nutrition Report
CompanyName : David Lloyd Leisure Limited 
Area   :   West & Belgium
Outlet  :   Birmingham
Dish Category : All Categories
"								
								
DishName	Calories	Fat1	SaturatedFat1	Carbohydrates	Sugar1	Fibre	Protein	Sodium
A multi seed wholemeal roll with bacon (NEW)	665	33	9.1	57.3	5.1	5.3	34.5	6.2
"A multi seed wholemeal roll with bacon, sausage & poached egg (NEW)"	755	41.5	11.5	58.3	5.8	5.6	36.6	4.2
A) KIDS Poached egg and soldiers (NEW)	271	13.4	2.9	25.1	1.1	2.1	12.5	1.1
Adult side courgette & squash spag (NEW LE)	59	1	0.2	6.6	5.5	3.5	2.6	0
B) Scrambled eggs on toast (NEW)	365	18.7	5.2	28.7	3.2	2.9	20.8	49.7
"Baked falafel with beef tomato, red onion and hummus (NEW)"	1000	42.9	6.7	121.5	15.4	20.4	27.2	3.7
"Beef burger with unsmoked bacon, beef tomato, red onion and burger sauce (NEW)"	1280	69.1	19.2	106.9	14.8	14.3	56.1	6.3
Beet & berry boost (NEW)	179	0.6	0.1	41.9	36.1	6	2.5	0.2
"Benedict, honey roast ham, two poached eggs, & hollandaise on a toasted wholemeal muffin (NEW)"	726	40.4	13.3	50.1	2.9	6.6	40.1	2.3
Bircher grape and nut (NEW)	418	26.5	4.1	31.5	20.2	5.2	12.1	0.4
Breakfast free range poached eggs and white toast(NEW LE)	579	27.4	12.7	58.8	1.6	2.4	24.6	2
Breakfast free range poached eggs and wholemeal toast(NEW LE)	568	29.2	12.9	50.1	2.2	4.1	26.5	2
Breakfast wholemeal toast & preserves (NEW LE)	319	8.8	5	64.6	22	4.2	8.7	1.2
Breakfast wholemeal toast & preserves (NEW PREM LE)	473	17.6	9.7	68.3	20.4	4.4	10.3	1.5
"Burger Grilled chicken breast with beef tomato, red onion, unsmoked bacon and garlic mayo (NEW)"	1203	51.8	12.2	103	12.7	13.4	84.6	6.5
"Butternut squash, spinach and lentil curry with brown rice (NEW)"	904	14.7	6	159.5	12.2	14.4	26.7	1.8
C) 2 egg omelette base (NEW LE)	301	25.1	4.6	4.6	3.2	1.9	14.9	0.4
Chargrilled chicken and chorizo penne pasta (NEW LE)	1106	40.6	10.4	103.7	10.2	10.8	81.1	2.8
Chicken and mixed bean tacos with salad (NEW)	627	31.5	4.4	53.9	12.8	9.3	28.5	1.7
Chicken Caesar Salad (NEW)	580	33.1	7.1	12.7	4	2.4	60.7	1.7
Club breakfast w white toast (NEW)	1080	54.2	18.7	79.2	12.1	9	67.3	6.7
"Coconut ice cream with chilli, lime and chocolate sauce (NEW)"	353	19.2	12.6	41.5	36.8	2	7.7	0.7
D) Beans on toast (NEW)	269	8.5	1.6	36.6	4.3	5.8	9.5	1.4
Deli crudites (NEW LE)	141	7.7	0.9	12.5	6.1	4.8	5.1	0.5
DELI Giant cous cous salad (NEW LE)	635	12.5	0.8	119.8	12.7	2.2	15.1	0.1
DELI Greek yoghurt (NEW LE)	338	15.4	8.4	43.9	36.8	3	7.9	0.5
DELI pita pocket falafel (NEW LE)	1410	111.1	24.5	79.7	15.6	9.8	17.4	7.2
DELI Pitta pocket chicken and bacon (NEW LE)	1434	111.9	27.8	60.2	10.5	2.8	44.1	9.8
"Deli pitta pocket spinach, mixed peppers (NEW LE)"	507	20.9	2.1	61.6	9.7	6.2	15.8	1.6
Deli protein chicken salad (NEW LE)	730	51.3	9.9	13.8	9.2	5.6	52	1.6
Deli Salads chicken caesar (NEW)	606	40.7	7.5	13.1	4.5	2.4	44.7	2.1
"DESSERT Fresh fruit salad with strawberries, blueberries, red apple, mixed grapes & pomegranate seeds (NEW)"	119	0.4	0	29.6	28.2	4.3	1.4	0
E) Kids Beef burger (NEW)	407	14.5	4.9	54.1	8.2	2	15.2	2
Egg pot (NEW)	156	10.4	2.9	0	0.7	0.6	14.9	0.5
"Eggs florentine with wilted spinach,two poached eggs & hollandaise on a toasted wholemeal muffin (NEW)"	639	39.7	15.5	50.3	3.1	3.9	27.2	2.2
F) Mac & cheese (NEW LE)	316	14.4	7.9	35.2	4.8	2.8	11.6	1.4
"Flatbread Chicken with spinach, broccoli and balsamic dressing (NEW LE)"	708	26.3	12.4	73.6	49.1	11	45.8	1.6
"Flatbread Goat's cheese, red pepper & spinach (NEW)"	621	34.5	22	43	38.8	2.8	33.6	2.1
Flatbread Spicy chicken with green pesto and red onion (NEW)	617	32	12.4	43.3	37.7	2.2	37.5	1.8
"Fresh fruit salad with strawberries, blueberries, red apple, mixed grapes & pomegranate seeds (NEW)"	124	0.4	0	30.7	29.3	4.6	1.5	0
G) Kids Chicken goujons (NEW LE)	492	34.7	8	17	0	1.8	27.1	1.8
Giant cous cous salad (NEW)	619	12.5	0.8	115.8	11	2.7	15.3	0.1
Gluten free summer berry cheesecake with raisins and ground pistachios (NEW)	414	22.5	12.7	43.2	28.5	0.9	10	0.8
Goats cheese and avocado salad (NEW)	461	32.6	14.2	21.8	15.5	4.4	20.4	1.3
Goats cheese burger (NEW LE)	1218	69.9	23.5	108.4	16.2	14.6	38	5.3
"Greek yoghurt with strawberries, banana, granola & honey (NEW)"	510	22.1	12	69.1	58.1	4.5	11.7	0.7
Grilled chicken breast with honey & mustard glaze (NEW)	444	7.3	2.5	47.4	31.6	2.4	54.2	0.5
Grilled halloumi with mixed beans and red onion (NEW)	713	34.4	16	63.6	12	4.9	35	2.2
Grilled halloumi with mixed leaf spinach salad (NEW)	773	60.2	21	24.7	22.2	3.3	35	0.4
H) Fish fingers (NEW LE)	364	27.9	2.3	16.8	0.9	0.8	10.9	0.7
"Half roast chicken with rustic fries,wilted kale, spinach and garlic aioli (NEW)"	423	24.2	4.7	42.3	3.5	7.9	7.6	1.7
I) Kids Sausage (NEW LE)	449	40.3	8.8	1.9	1.3	0.6	18.8	1.3
Ice Cream (NEW)	292	12.1	9.8	41	35.8	1.1	5.3	0.2
J) Veggie sausage (NEW LE)	114	0.7	0.1	21.8	3.8	3.4	3.5	0.3
Jacket potato & beans 1 toping (NEW)	139	0.7	0.2	21.8	6.1	7	8.2	0.9
Jacket potato & beans 2 toping (NEW)	70	0.3	0.1	10.9	3.1	3.5	4.1	0.5
Jacket potato & cheese 1 toping (NEW)	60	6.7	4.4	0	0	0	0	0
Jacket potato base (NEW LE)	563	7.6	4.6	103.6	9.4	11	14.7	0.1
Jacket potato ham 1 toping (NEW)	114	4.4	1.6	4.1	0.5	0.4	14.7	0
Jacket potato ham 2 toping (NEW)	53	2	0.7	1.9	0.2	0.2	6.9	0
Jacket potato tuna 1 toping (NEW LE)	137	5.7	0.5	3.4	1.8	0.5	18.1	1
Jacket potato tuna 2 toping (NEW LE)	137	5.7	0.5	3.4	1.8	0.5	18.1	1
K) Cheese and tomato Pizza (NEW LE)	391	17.2	9.9	40	36.6	2.1	17.9	1
Khobez flatbread (NEW)	173	0.7	0.1	34.7	32.2	1.4	5.8	0.1
Kids cheese roll (NEW LE)	241	21.4	10.8	0.7	0.7	0.1	11.3	1
KIDS cheese sandwich on Wholemeal (NEW LE)	394	23.8	11.1	27.9	3.8	2.9	17	1.7
Kids fresh fruit BAG (NEW LE)	43	0.1	0	10.4	10.4	1.9	0.2	0
Kids Ham Roll (NEW)	399	12.7	2.4	57.8	9.5	2.3	14	2.5
Kids jacket beans 1 toping (NEW LE)	70	0.3	0.1	10.9	3.1	3.5	4.1	0.5
Kids jacket beans 2 toping (NEW LE)	29	0.1	0	4.5	1.3	1.4	1.7	0.2
Kids jacket cheese 2 toping (NEW LE)	146	12	7.5	0.5	0.5	0	8.8	0.6
Kids jacket ham 1 toping (NEW LE)	53	2	0.7	1.9	0.2	0.2	6.9	0
Kids jacket ham 2 toping (NEW LE)	23	0.9	0.3	0.8	0.1	0.1	2.9	0
Kids Jacket potato & cheese 1 toping (NEW)	187	15.5	9.6	0.7	0.7	0	11.3	0.8
Kids jacket tuna 2 toping (NEW LE)	62	2.8	0.2	0.7	0.2	0.1	8.3	0.5
KIDS meal deli lunch box TO BE COMPLETED (NEW LE)	448	12.7	2.4	69.7	19.8	4.3	14	1.7
Kids mixed veg side (NEW LE)	22	0.2	0.1	4.4	2.7	1.6	1	0
Kids salad side (NEW LE)	12	0.1	0.1	1	2	1.3	0.7	0
Kids side courgette & squash spag (NEW LE)	30	0.5	0.1	3.3	2.8	1.8	1.3	0
Kids side of baked beans (NEW LE)	70	0.3	0.1	10.9	3.1	3.5	4.1	0.5
Kids side of beans (NEW LE)	70	0.3	0.1	10.9	3.1	3.5	4.1	0.5
Kids side of chips (NEW LE)	201	12	1.6	20	1	3	3	0.6
Kids side of crudites (NEW LE)	23	0.3	0.1	4.6	4.3	1.6	0.8	0
Kids side of jacket (NEW LE)	233	0.3	0	49.1	1.9	4.2	6	0
Kids side of jacket pot (NEW LE)	292	6.9	4.6	49.2	1.9	4.2	6.1	0
Kids side of rice (NEW LE)	332	1.5	0.3	70	0.7	3	8.1	0
Kids two egg omelette base and garnish (NEW LE)	171	10.1	3.4	6	4.4	2.3	14.9	0.4
Kids two egg omelette with broccoli (NEW LE)	11	0.1	0.1	2	0.5	0.9	0.8	0
Kids two egg omelette with chicken (NEW LE)	75	4	1	0.1	0.1	0	9.6	0.2
Kids two egg omelette with ham (NEW LE)	53	2	0.7	1.9	0.2	0.2	6.9	0
Kids two egg omelette with mushroom (NEW LE)	6	0	0	0.8	0.5	0.3	0.8	0
Kids two egg omelette with tomato (NEW LE)	4	0.1	0	0.8	0.8	0.3	0.2	0
L) KIDS ham sandwich on Wholemeal (NEW LE)	267	10.4	2.3	30.7	4.9	3.5	12.7	0.9
Large Fresh Fruit Salad (NEW)	126	0.4	0	31.5	30.1	3.5	1.4	0
M) KIDS Cheese Sandwich on Wholemeal (NEW LE)	394	23.8	11.1	27.9	3.8	2.8	16.9	1.7
Mixed Salad (NEW)	33	0.8	0.2	4.3	4.5	1.8	1.1	0.2
Mixed vegetables (NEW)	41	0.3	0.2	6.8	4.9	3.5	2.2	0.1
N) KIDS chicken sandwich on Wholemeal (NEW LE)	282	12.3	2.5	27.4	3.3	2.9	15.3	1.1
"Naked Baked Falafel with beef tomato, red onion and hummus (NEW)"	753	37.9	4.8	76.3	17.4	19	22.3	2.4
"Naked beef burger with unsmoked bacon, beef tomato, red onion & burger sauce (NEW)"	1138	73.6	18.9	61.3	19.2	11.4	56.8	6.9
"Naked goats cheese with roasted mushroom, red onion and garlic mayo (NEW)"	894	60.3	21.1	59.5	19.1	11.5	28	3.8
"Naked grilled chicken breast with beef tomato, red onion, unsmoked bacon & garlic mayo (NEW)"	1015	55.7	13.1	55.1	15	10.7	77.5	5.7
O) Kids Spaghetti bolo (NEW LE)	368	10.2	3.8	57.3	10.7	8.9	14.7	0.9
P) Toasted cheese sandwich On White (NEW LE)	499	18.5	10	63.2	5.7	3.7	20.3	2.3
"Pesto penne pasta with mixed beans, spinach, peppers, sundried tomatoes, broccoli and shaved Italian cheese (NEW)"	980	38.2	6.5	120.2	17	17.2	32.1	2.6
"Pesto penne pasta with mixed beans, spinach, peppers, sundried tomatoes, broccoli and shaved Italian cheese with CHICKEN (NEW)"	1097	38.9	6.6	142.6	18	19.5	36.3	2.6
"Pita pocket of chicken, bacon and avocado with garlic mayo (NEW)"	641	30.1	6.8	54.8	7.6	3.6	36.2	3.4
"Pitta pocket Spinach, mixed peppers, houmous and pine nuts (NEW LE)"	516	21	2.1	63.4	10.3	6.7	16.1	176.4
Protein Chicken salad MAINS (NEW LE)	673	41.9	8.3	13.3	8.7	5.6	64.3	1.1
"Protein plate - 4oz steak, grilled chicken breast, open cap mushrooms, roasted red pepper, avocado salad and a hard boiled egg (NEW)"	725	35.2	11.1	20.3	18.4	5.8	87.6	0.7
"Pumpkin ravioli with tomato and garlic sauce, spinach and Italian cheese (NEW)"	520	17.6	9.2	59.6	6.3	3.8	30	2
Q) kids baked jacket potato BASE ONLY (NEW LE)	299	6.4	1.2	51.4	4	5	6.6	0.2
R) Warm chocolate brownie & ice cream (NEW)	409	20.7	13.6	49.3	42	2.7	5.6	0.2
Rustic fries (NEW)	366	20	2.8	40	2	6	6	1.1
Salmon fillet with sweet potato mash (NEW)	544	23.7	5.3	39.1	22.1	2.5	45.5	3.2
Sandwiches - Chicken (NEW)	566	25.2	5.1	53.2	6	5.8	30.3	2.4
Sandwiches - Ham (NEW)	523	21.2	4.6	56.7	6.2	6.1	24.9	2
Sandwiches - Tuna (NEW)	588	26.9	3.9	56.2	6.9	6.2	29.2	3.2
"Sharer - Falafel, toasted flatbread, olives and crudities with yoghurt, hummus and salsa dips (NEW LE)"	1016	55.7	12.6	94	56.3	22.9	29.6	2.9
"Smashed avocado with cherry tomatoes, chilli and lime on toasted wholemeal topped with two poached eggs (NEW)"	614	29.9	5.6	62.6	4.4	12.2	27.5	2
Soup and sandwich (NEW LE)	653	26.6	8.6	112.3	11.1	10.1	48.1	4.6
Soup of the day Italian tomato (NEW LE)	532	19.4	7.5	72.5	13.1	8.4	16.1	2.6
Soup of the day Lentil & apricot (NEW LE)	211	12.2	5.4	18.4	8.4	4	5.3	3
Soup of the day minestrone (NEW LE)	548	19.8	7.5	73.7	11.9	10.8	16.9	3.6
Soup of the day sweet potato & gingeer (NEW LE)	576	19.4	9.1	84.5	13.9	10	14.1	4.4
Steak and chips (NEW)	869	50	15.8	46.5	9.3	8.8	56.7	1.7
Super green (NEW LE)	202	0.6	0.1	48.2	42.6	6.7	2	0.1
Sweet potato fries (NEW)	362	19.2	1.8	40.8	21.8	7	3.2	0.7
Sweet potato mash (NEW)	147	0.5	0.2	35.9	20.3	0	1.9	0.1
T) Kids Dessert fresh fruit salad (NEW LE)	53	0.2	0	13.1	12.1	1.9	0.7	0
"The BST, grilled bacon, spinach, tomato and mayo (NEW)"	617	32.1	5.6	60.6	10.4	7.4	20.1	4.3
Three egg omelette base and garnish only (NEW LE)	295	19.7	5.7	7.5	4.4	4.6	22.6	0.9
Three egg omelette with broccoli (NEW LE)	11	0.1	0.1	2	0.5	0.9	0.8	0
Three egg omelette with cheese (NEW LE)	187	15.5	9.6	0.7	0.7	0	11.3	0.8
Three egg omelette with chicken (NEW LE)	150	8	1.9	0.2	0.2	0	19.1	0.4
Three egg omelette with ham (NEW LE)	53	2	0.7	1.9	0.2	0.2	6.9	0
Three egg omelette with red onion (NEW LE)	9	0.1	0	2	1.4	0.4	0.3	0
Three egg omelette with sliced mushroom (NEW LE)	6	0	0	0.8	0.5	0.3	0.8	0
Three egg omelette with spinach (NEW LE)	5	0.1	0	0.7	0.1	0.4	0.6	0
Three egg omelette with tomato (NEW LE)	6	0.1	0	1.1	1.1	0.4	0.2	0
"Topped porridge with coconut, pumpkin and sunflower seeds, cranberres and honey (NEW)"	546	8.8	1.7	97.7	30.6	9.3	24.2	0.4
VEGAN Courgette and butternut squash (NEW LE)	597	55	5.3	16.7	8.7	4.5	7.6	1.5
VEGAN Courgette and butternut squash with chicken (NEW LE)	839	61.6	7.5	16.7	8.7	4.5	58.2	1.8
"Warm pancakes with blueberry, banana & maple (NEW)"	454	3.1	0.4	101.9	68.6	3.8	6.4	1.4
White bread with scrambled (NEW)	642	30.9	14.5	61.6	2.5	3.6	30.2	2.1
White bread with two fried eggs (NEW)	714	42.4	13.9	58.8	1.6	2.4	24.6	2
White bread with two poached (NEW)	579	27.4	12.7	58.8	1.6	2.4	24.6	2
Wholebread with fried eggs (NEW LE)	703	44.1	14.1	50.1	2.2	4.1	26.5	2
Wholemeal bread with poached egg (NEW LE)	568	29.2	12.9	50.1	2.2	4.1	26.5	2
Wholemeal bread with scrambled (NEW LE)	631	32.6	14.7	52.9	3	5.3	32.1	2.1
